ImageID,Subset,OriginalURL,OriginalLandingURL,License,AuthorProfileURL,Author,Title,OriginalSize,OriginalMD5,Thumbnail300KURL,Rotation
7183696068f904ff,train,https://c8.staticflickr.com/5/4012/4493750610_d26c8bec84_o.jpg,https://www.flickr.com/photos/zyllan/4493750610,https://creativecommons.org/licenses/by/2.0/,https://www.flickr.com/people/zyllan/,Zyllan Fotografía,Cristo de las Mercedes (II),6354842,yqPpQ/E2SIog1F5ZP5Xiug==,https://c5.staticflickr.com/5/4012/4493750610_aaa213792f_z.jpg,0.0
718369f0bb027907,train,https://farm8.staticflickr.com/6011/5947607462_7b52e7fcd1_o.jpg,https://www.flickr.com/photos/stabenfeldt/5947607462,https://creativecommons.org/licenses/by/2.0/,https://www.flickr.com/people/stabenfeldt/,Martin Stabenfeldt,Bouldering - Nissedal,10344048,niMmEaLw2Bd7E4lpJf57EQ==,https://c3.staticflickr.com/7/6011/5947607462_03a0e57384_z.jpg,0.0
7183725f8dd99997,train,https://farm8.staticflickr.com/3682/9905850664_c301de1fa0_o.jpg,https://www.flickr.com/photos/paulaltobelli/9905850664,https://creativecommons.org/licenses/by/2.0/,https://www.flickr.com/people/paulaltobelli/,Paul Altobelli,Watching Adventure Time with The Joe.  #bizarre,85777,Nl103xXpE69dOrOIiHd8Fw==,https://c1.staticflickr.com/4/3682/9905850664_af53a7f5bc_z.jpg,0.0
71836d169b8f9995,train,https://farm6.staticflickr.com/3745/13557568233_990ed127fd_o.jpg,https://www.flickr.com/photos/linsinchen/13557568233,https://creativecommons.org/licenses/by/2.0/,https://www.flickr.com/people/linsinchen/,Sinchen.Lin,sandisk-connect-exp,192267,eQjHZUrpbmJgKe7Le1+WGg==,https://c4.staticflickr.com/4/3745/13557568233_85d8e4d6ba_z.jpg,0.0
71836c97a3206144,train,https://farm5.staticflickr.com/3861/14630417503_f97e72581c_o.jpg,https://www.flickr.com/photos/quinet/14630417503,https://creativecommons.org/licenses/by/2.0/,https://www.flickr.com/people/quinet/,Thomas Quine,Tiny bee on yellow wall,587722,pU+KEf4gptMVNhzrgaCtZA==,https://c7.staticflickr.com/4/3861/14630417503_7b2148ab5f_z.jpg,0.0
718368fa04c1f199,train,https://c2.staticflickr.com/6/5596/14683982388_b0e87982c1_o.jpg,https://www.flickr.com/photos/garysoup/14683982388,https://creativecommons.org/licenses/by/2.0/,https://www.flickr.com/people/garysoup/,Gary Stevens,Lechon liempo from Inay at #Pistahan,152037,RA3IbHFl8Hnm2iqh7IWHtA==,https://c3.staticflickr.com/6/5596/14683982388_0c27ae391d_z.jpg,0.0
7183710628715b5d,train,https://c6.staticflickr.com/4/3836/14771937725_0276b36766_o.jpg,https://www.flickr.com/photos/68147320@N02/14771937725/,https://creativecommons.org/licenses/by/2.0/,https://www.flickr.com/people/68147320@N02/,T.Tseng,"Crispy potato skins, parmesan, and sour cream crusted",3276841,7eAdPP/yar0Q/r0PbXk+bA==,https://c4.staticflickr.com/4/3836/14771937725_62d65e1e67_z.jpg,
71836ee90ba69420,train,https://farm1.staticflickr.com/3860/15132542388_26849326ce_o.jpg,https://www.flickr.com/photos/boscdanjou/15132542388,https://creativecommons.org/licenses/by/2.0/,https://www.flickr.com/people/boscdanjou/,Bosc d&#x27;Anjou,Røros 08,2015532,c1xsjZ6/YxISn8Dz5aPp/Q==,https://c4.staticflickr.com/4/3860/15132542388_e6aa751cb1_z.jpg,0.0
0007cebe1b2ba653,validation,https://farm4.staticflickr.com/1244/677743874_90faf2d8db_o.jpg,https://www.flickr.com/photos/raphaelstrada/677743874,https://creativecommons.org/licenses/by/2.0/,https://www.flickr.com/people/raphaelstrada/,raphaelstrada,Untitled,6571968,JnkYas7iDJu+pb81tfqVow==,https://c5.staticflickr.com/2/1244/677743874_168dcb5ed1_z.jpg,0.0
000595fe6fee6369,validation,https://c2.staticflickr.com/9/8089/8416776003_9f2636ca56_o.jpg,https://www.flickr.com/photos/oldrebel/8416776003/,https://creativecommons.org/licenses/by/2.0/,https://www.flickr.com/people/oldrebel/,Donald Lee Pardue,Frozen Holly,9059623,4ksF8TuGWGcKul6Z/6pq8g==,https://c6.staticflickr.com/9/8089/8416776003_b45b381eae_z.jpg,0.0
0004886b7d043cfd,validation,https://c6.staticflickr.com/3/2808/10351094034_f3aa58c5d9_o.jpg,https://www.flickr.com/photos/parisonponce/10351094034,https://creativecommons.org/licenses/by/2.0/,https://www.flickr.com/people/parisonponce/,Paris on Ponce &amp; Le Maison Rouge,Vintage mid century 6pc gold filigree vanity set,1762125,38x6O2LAS75H1vUGVzIilg==,https://c3.staticflickr.com/3/2808/10351094034_e7c52e0402_z.jpg,270.0
0001eeaf4aed83f9,validation,https://c2.staticflickr.com/6/5606/15611395595_f51465687d_o.jpg,https://www.flickr.com/photos/hisgett/15611395595,https://creativecommons.org/licenses/by/2.0/,https://www.flickr.com/people/hisgett/,Tony Hisgett,American Airlines Boeing 777-323(ER) N717AN,2038323,I4V4qq54NBEFDwBqPYCkDA==,https://c4.staticflickr.com/6/5606/15611395595_0594841ba5_z.jpg,0.0
00075905539074f2,validation,https://farm3.staticflickr.com/568/21452126474_ab12789b36_o.jpg,https://www.flickr.com/photos/dok1/21452126474,https://creativecommons.org/licenses/by/2.0/,https://www.flickr.com/people/dok1/,Don O&#x27;Brien,Phillips 66,2306438,R+6Cs525mCUT6RovHPWREg==,https://c7.staticflickr.com/1/568/21452126474_85567a98ee_z.jpg,0.0
0002cc8afaf1b611,test,https://farm2.staticflickr.com/3299/3509371657_096da0a7e6_o.jpg,https://www.flickr.com/photos/plutor/3509371657,https://creativecommons.org/licenses/by/2.0/,https://www.flickr.com/people/plutor/,Logan Ingalls,Demo,224667,MXSNPEBGjmYxSa8MG6z6Ww==,https://c6.staticflickr.com/4/3299/3509371657_d001f34146_z.jpg?zz=1,0.0
0000c64e1253d68f,test,https://c8.staticflickr.com/7/6007/6010263871_9d6dbce6ce_o.jpg,https://www.flickr.com/photos/ladydragonflyherworld/6010263871,https://creativecommons.org/licenses/by/2.0/,https://www.flickr.com/people/ladydragonflyherworld/,LadyDragonflyCC - &gt;;&lt;,Redneck Figure 8's,1744183,Xufa/rhlOnBQSotR/8Gqhg==,https://c7.staticflickr.com/7/6007/6010263871_df93fb6382_z.jpg,0.0
0002ab0af02e4a77,test,https://farm8.staticflickr.com/7214/7337479734_53f1048393_o.jpg,https://www.flickr.com/photos/heatheronhertravels/7337479734,https://creativecommons.org/licenses/by/2.0/,https://www.flickr.com/people/heatheronhertravels/,Heather Cowper,King Neptune scarecrow at La Seigneurie gardens on #Sark I looked a bit scarecrow-like myself after cycling round the island,165352,NRy8lYJlGUkHRRzeY65smw==,https://c4.staticflickr.com/8/7214/7337479734_6068c48ede_z.jpg,0.0
000132c20b84269b,test,https://c4.staticflickr.com/9/8555/15625756039_a60b0bd0a5_o.jpg,https://www.flickr.com/photos/ministeriodesaludneuquen/15625756039,https://creativecommons.org/licenses/by/2.0/,https://www.flickr.com/people/ministeriodesaludneuquen/,Ministerio de Salud de Neuquen,consultorio ecografia piedra del Aguila (4),461828,uPw/ycB1skL/byjF0AYJKA==,https://c3.staticflickr.com/9/8555/15625756039_d59f4e16fa_z.jpg,0.0
000026e7ee790996,test,https://farm7.staticflickr.com/5769/21094803716_da3cea21b8_o.jpg,https://www.flickr.com/photos/132646954@N02/21094803716,https://creativecommons.org/licenses/by/2.0/,https://www.flickr.com/people/132646954@N02/,dronepicr,Chichen Itza Mexico,7825604,EEGQ0ZQ/OxJAIGzfJ6LMvw==,https://c1.staticflickr.com/6/5769/21094803716_083fb31bd4_z.jpg,0.0
71836fdd3f538318,train,https://c1.staticflickr.com/9/8049/8396063099_f73d6b17d3_o.jpg,https://www.flickr.com/photos/davidwilson1949/8396063099,https://creativecommons.org/licenses/by/2.0/,https://www.flickr.com/people/davidwilson1949/,David Wilson,"20120909 114 Trinity Church, Boston.",2362396,ZIHhjo9UQWQAuluhu2Es+w==,https://c4.staticflickr.com/9/8049/8396063099_129b74e14c_z.jpg,NaN
